{
  "asof_utc": "2026-02-19T23:08:26+00:00",
  "ttf_price": 33.41999816894531,
  "jkm_price": 36.16999816894531,
  "freight_rate": 85000,
  "fuel_price": 747,
  "eua_price": 67.30000305175781
}